Driver,LapNumber,Compound,TyreLife,LapTime,PitNextLap
VER,1.0,MEDIUM,1.0,87.905,0
VER,2.0,MEDIUM,2.0,86.163,0
VER,3.0,MEDIUM,3.0,85.702,0
VER,4.0,MEDIUM,4.0,86.05,0
VER,5.0,MEDIUM,5.0,86.176,0
VER,6.0,MEDIUM,6.0,86.837,0
VER,7.0,MEDIUM,7.0,86.368,0
VER,8.0,MEDIUM,8.0,85.99,0
VER,9.0,MEDIUM,9.0,86.605,0
VER,10.0,MEDIUM,10.0,86.603,0
VER,11.0,MEDIUM,11.0,86.643,0
VER,12.0,MEDIUM,12.0,86.442,0
VER,13.0,MEDIUM,13.0,86.666,0
VER,14.0,MEDIUM,14.0,87.028,0
VER,15.0,MEDIUM,15.0,86.782,0
VER,16.0,MEDIUM,16.0,86.718,0
VER,17.0,MEDIUM,17.0,86.733,0
VER,18.0,MEDIUM,18.0,86.273,0
VER,19.0,MEDIUM,19.0,86.438,0
VER,20.0,MEDIUM,20.0,90.849,1
VER,21.0,HARD,1.0,105.66,0
VER,22.0,HARD,2.0,85.885,0
VER,23.0,HARD,3.0,86.159,0
VER,24.0,HARD,4.0,86.327,0
VER,25.0,HARD,5.0,85.914,0
VER,26.0,HARD,6.0,85.786,0
VER,27.0,HARD,7.0,85.501,0
VER,28.0,HARD,8.0,85.434,0
VER,29.0,HARD,9.0,85.471,0
VER,30.0,HARD,10.0,85.398,0
VER,31.0,HARD,11.0,85.502,0
VER,32.0,HARD,12.0,85.41,0
VER,33.0,HARD,13.0,85.24,0
VER,34.0,HARD,14.0,85.683,0
VER,35.0,HARD,15.0,85.815,0
VER,36.0,HARD,16.0,85.598,0
VER,37.0,HARD,17.0,85.683,0
VER,38.0,HARD,18.0,85.585,0
VER,39.0,HARD,19.0,85.486,0
VER,40.0,HARD,20.0,85.901,0
VER,41.0,HARD,21.0,85.779,0
VER,42.0,HARD,22.0,85.912,0
VER,43.0,HARD,23.0,85.994,0
VER,44.0,HARD,24.0,85.751,0
VER,45.0,HARD,25.0,85.916,0
VER,46.0,HARD,26.0,86.185,0
VER,47.0,HARD,27.0,86.137,0
VER,48.0,HARD,28.0,87.235,0
VER,49.0,HARD,29.0,87.907,0
VER,50.0,HARD,30.0,88.393,0
VER,51.0,HARD,31.0,87.525,0
GAS,1.0,MEDIUM,1.0,95.974,0
GAS,2.0,MEDIUM,2.0,88.696,0
GAS,3.0,MEDIUM,3.0,87.916,0
GAS,4.0,MEDIUM,4.0,87.472,0
GAS,5.0,MEDIUM,5.0,87.694,0
GAS,6.0,MEDIUM,6.0,87.324,0
GAS,7.0,MEDIUM,7.0,87.21,0
GAS,8.0,MEDIUM,8.0,87.24,0
GAS,9.0,MEDIUM,9.0,87.366,0
GAS,10.0,MEDIUM,10.0,92.034,1
GAS,11.0,HARD,4.0,110.17,0
GAS,12.0,HARD,5.0,87.431,0
GAS,13.0,HARD,6.0,87.368,0
GAS,14.0,HARD,7.0,87.348,0
GAS,15.0,HARD,8.0,87.363,0
GAS,16.0,HARD,9.0,87.088,0
GAS,17.0,HARD,10.0,87.076,0
GAS,18.0,HARD,11.0,87.053,0
GAS,19.0,HARD,12.0,87.136,0
GAS,20.0,HARD,13.0,87.035,0
GAS,21.0,HARD,14.0,87.706,0
GAS,22.0,HARD,15.0,87.219,0
GAS,23.0,HARD,16.0,87.454,0
GAS,24.0,HARD,17.0,87.06,0
GAS,25.0,HARD,18.0,87.223,0
GAS,26.0,HARD,19.0,87.59,0
GAS,27.0,HARD,20.0,87.189,0
GAS,28.0,HARD,21.0,87.521,0
GAS,29.0,HARD,22.0,87.383,0
GAS,30.0,HARD,23.0,87.658,0
GAS,31.0,HARD,24.0,92.204,1
GAS,32.0,MEDIUM,1.0,106.72,0
GAS,33.0,MEDIUM,2.0,86.439,0
GAS,34.0,MEDIUM,3.0,86.877,0
GAS,35.0,MEDIUM,4.0,86.903,0
GAS,36.0,MEDIUM,5.0,86.797,0
GAS,37.0,MEDIUM,6.0,86.499,0
GAS,38.0,MEDIUM,7.0,86.357,0
GAS,39.0,MEDIUM,8.0,86.736,0
GAS,40.0,MEDIUM,9.0,86.548,0
GAS,41.0,MEDIUM,10.0,86.346,0
GAS,42.0,MEDIUM,11.0,86.425,0
GAS,43.0,MEDIUM,12.0,85.921,0
GAS,44.0,MEDIUM,13.0,85.758,0
GAS,45.0,MEDIUM,14.0,86.297,0
GAS,46.0,MEDIUM,15.0,86.292,0
GAS,47.0,MEDIUM,16.0,86.144,0
GAS,48.0,MEDIUM,17.0,86.288,0
GAS,49.0,MEDIUM,18.0,87.913,0
GAS,50.0,MEDIUM,19.0,87.375,0
PER,1.0,MEDIUM,1.0,89.806,0
PER,2.0,MEDIUM,2.0,86.881,0
PER,3.0,MEDIUM,3.0,86.143,0
PER,4.0,MEDIUM,4.0,86.019,0
PER,5.0,MEDIUM,5.0,86.354,0
PER,6.0,MEDIUM,6.0,86.465,0
PER,7.0,MEDIUM,7.0,86.333,0
PER,8.0,MEDIUM,8.0,86.887,0
PER,9.0,MEDIUM,9.0,86.564,0
PER,10.0,MEDIUM,10.0,86.454,0
PER,11.0,MEDIUM,11.0,87.245,0
PER,12.0,MEDIUM,12.0,86.968,0
PER,13.0,MEDIUM,13.0,87.014,0
PER,14.0,MEDIUM,14.0,87.451,0
PER,15.0,MEDIUM,15.0,86.779,0
PER,16.0,MEDIUM,16.0,86.823,0
PER,17.0,MEDIUM,17.0,87.011,0
PER,18.0,MEDIUM,18.0,86.765,0
PER,19.0,MEDIUM,19.0,86.669,0
PER,20.0,MEDIUM,20.0,86.509,0
PER,21.0,MEDIUM,21.0,90.934,1
PER,22.0,HARD,1.0,105.228,0
PER,23.0,HARD,2.0,85.564,0
PER,24.0,HARD,3.0,85.759,0
PER,25.0,HARD,4.0,86.005,0
PER,26.0,HARD,5.0,85.884,0
PER,27.0,HARD,6.0,86.456,0
PER,28.0,HARD,7.0,85.584,0
PER,29.0,HARD,8.0,85.606,0
PER,30.0,HARD,9.0,85.757,0
PER,31.0,HARD,10.0,86.415,0
PER,32.0,HARD,11.0,85.88,0
PER,33.0,HARD,12.0,86.02,0
PER,34.0,HARD,13.0,85.948,0
PER,35.0,HARD,14.0,85.651,0
PER,36.0,HARD,15.0,85.627,0
PER,37.0,HARD,16.0,85.757,0
PER,38.0,HARD,17.0,85.584,0
PER,39.0,HARD,18.0,85.522,0
PER,40.0,HARD,19.0,85.626,0
PER,41.0,HARD,20.0,86.719,0
PER,42.0,HARD,21.0,86.539,0
PER,43.0,HARD,22.0,86.624,0
PER,44.0,HARD,23.0,86.329,0
PER,45.0,HARD,24.0,86.573,0
PER,46.0,HARD,25.0,85.598,0
PER,47.0,HARD,26.0,86.476,0
PER,48.0,HARD,27.0,86.108,0
PER,49.0,HARD,28.0,86.006,0
PER,50.0,HARD,29.0,86.385,0
PER,51.0,HARD,30.0,85.903,0
ALO,1.0,MEDIUM,1.0,93.34,0
ALO,2.0,MEDIUM,2.0,88.012,0
ALO,3.0,MEDIUM,3.0,87.546,0
ALO,4.0,MEDIUM,4.0,87.221,0
ALO,5.0,MEDIUM,5.0,87.033,0
ALO,6.0,MEDIUM,6.0,87.175,0
ALO,7.0,MEDIUM,7.0,86.929,0
ALO,8.0,MEDIUM,8.0,86.943,0
ALO,9.0,MEDIUM,9.0,87.383,0
ALO,10.0,MEDIUM,10.0,87.368,0
ALO,11.0,MEDIUM,11.0,87.343,0
ALO,12.0,MEDIUM,12.0,87.339,0
ALO,13.0,MEDIUM,13.0,87.158,0
ALO,14.0,MEDIUM,14.0,87.607,0
ALO,15.0,MEDIUM,15.0,86.929,0
ALO,16.0,MEDIUM,16.0,87.164,0
ALO,17.0,MEDIUM,17.0,87.156,0
ALO,18.0,MEDIUM,18.0,87.275,0
ALO,19.0,MEDIUM,19.0,87.318,0
ALO,20.0,MEDIUM,20.0,88.284,0
ALO,21.0,MEDIUM,21.0,92.377,1
ALO,22.0,HARD,4.0,107.272,0
ALO,23.0,HARD,5.0,86.849,0
ALO,24.0,HARD,6.0,86.949,0
ALO,25.0,HARD,7.0,86.899,0
ALO,26.0,HARD,8.0,86.792,0
ALO,27.0,HARD,9.0,86.666,0
ALO,28.0,HARD,10.0,86.723,0
ALO,29.0,HARD,11.0,86.997,0
ALO,30.0,HARD,12.0,86.915,0
ALO,31.0,HARD,13.0,86.848,0
ALO,32.0,HARD,14.0,86.747,0
ALO,33.0,HARD,15.0,86.769,0
ALO,34.0,HARD,16.0,86.563,0
ALO,35.0,HARD,17.0,86.517,0
ALO,36.0,HARD,18.0,86.457,0
ALO,37.0,HARD,19.0,86.38,0
ALO,38.0,HARD,20.0,86.574,0
ALO,39.0,HARD,21.0,86.707,0
ALO,40.0,HARD,22.0,86.61,0
ALO,41.0,HARD,23.0,86.815,0
ALO,42.0,HARD,24.0,86.403,0
ALO,43.0,HARD,25.0,86.105,0
ALO,44.0,HARD,26.0,86.155,0
ALO,45.0,HARD,27.0,86.277,0
ALO,46.0,HARD,28.0,86.453,0
ALO,47.0,HARD,29.0,86.912,0
ALO,48.0,HARD,30.0,87.183,0
ALO,49.0,HARD,31.0,87.245,0
ALO,50.0,HARD,32.0,87.36,0
ALO,51.0,HARD,33.0,87.395,0
LEC,1.0,MEDIUM,1.0,88.755,0
LEC,2.0,MEDIUM,2.0,86.312,0
LEC,3.0,MEDIUM,3.0,85.719,0
LEC,4.0,MEDIUM,4.0,86.025,0
LEC,5.0,MEDIUM,5.0,86.266,0
LEC,6.0,MEDIUM,6.0,86.483,0
LEC,7.0,MEDIUM,7.0,86.473,0
LEC,8.0,MEDIUM,8.0,85.972,0
LEC,9.0,MEDIUM,9.0,86.678,0
LEC,10.0,MEDIUM,10.0,86.787,0
LEC,11.0,MEDIUM,11.0,86.838,0
LEC,12.0,MEDIUM,12.0,86.694,0
LEC,13.0,MEDIUM,13.0,86.557,0
LEC,14.0,MEDIUM,14.0,86.94,0
LEC,15.0,MEDIUM,15.0,87.314,0
LEC,16.0,MEDIUM,16.0,87.155,0
LEC,17.0,MEDIUM,17.0,87.67,0
LEC,18.0,MEDIUM,18.0,87.498,0
LEC,19.0,MEDIUM,19.0,87.702,0
LEC,20.0,MEDIUM,20.0,91.155,1
LEC,21.0,HARD,1.0,105.842,0
LEC,22.0,HARD,2.0,85.742,0
LEC,23.0,HARD,3.0,85.807,0
LEC,24.0,HARD,4.0,85.933,0
LEC,25.0,HARD,5.0,86.061,0
LEC,26.0,HARD,6.0,85.763,0
LEC,27.0,HARD,7.0,86.234,0
LEC,28.0,HARD,8.0,85.663,0
LEC,29.0,HARD,9.0,85.814,0
LEC,30.0,HARD,10.0,85.782,0
LEC,31.0,HARD,11.0,86.496,0
LEC,32.0,HARD,12.0,86.869,0
LEC,33.0,HARD,13.0,85.962,0
LEC,34.0,HARD,14.0,85.851,0
LEC,35.0,HARD,15.0,85.85,0
LEC,36.0,HARD,16.0,85.631,0
LEC,37.0,HARD,17.0,85.671,0
LEC,38.0,HARD,18.0,85.58,0
LEC,39.0,HARD,19.0,85.629,0
LEC,40.0,HARD,20.0,85.728,0
LEC,41.0,HARD,21.0,86.511,0
LEC,42.0,HARD,22.0,86.448,0
LEC,43.0,HARD,23.0,86.597,0
LEC,44.0,HARD,24.0,86.586,0
LEC,45.0,HARD,25.0,86.321,0
LEC,46.0,HARD,26.0,86.58,0
LEC,47.0,HARD,27.0,87.371,0
LEC,48.0,HARD,28.0,86.828,0
LEC,49.0,HARD,29.0,86.633,0
LEC,50.0,HARD,30.0,86.961,0
LEC,51.0,HARD,31.0,86.783,0
STR,1.0,MEDIUM,1.0,96.787,0
STR,2.0,MEDIUM,2.0,88.953,0
STR,3.0,MEDIUM,3.0,88.614,0
STR,4.0,MEDIUM,4.0,87.725,0
STR,5.0,MEDIUM,5.0,87.574,0
STR,6.0,MEDIUM,6.0,87.656,0
STR,7.0,MEDIUM,7.0,87.1,0
STR,8.0,MEDIUM,8.0,87.362,0
STR,9.0,MEDIUM,9.0,87.312,0
STR,10.0,MEDIUM,10.0,87.539,0
STR,11.0,MEDIUM,11.0,87.369,0
STR,12.0,MEDIUM,12.0,87.81,0
STR,13.0,MEDIUM,13.0,88.222,0
STR,14.0,MEDIUM,14.0,88.057,0
STR,15.0,MEDIUM,15.0,88.179,0
STR,16.0,MEDIUM,16.0,88.08,0
STR,17.0,MEDIUM,17.0,87.909,0
STR,18.0,MEDIUM,18.0,88.401,0
STR,19.0,MEDIUM,19.0,88.05,0
STR,20.0,MEDIUM,20.0,93.026,1
STR,21.0,HARD,5.0,108.851,0
STR,22.0,HARD,6.0,86.742,0
STR,23.0,HARD,7.0,86.968,0
STR,24.0,HARD,8.0,87.34,0
STR,25.0,HARD,9.0,87.176,0
STR,26.0,HARD,10.0,87.259,0
STR,27.0,HARD,11.0,86.675,0
STR,28.0,HARD,12.0,87.085,0
STR,29.0,HARD,13.0,86.809,0
STR,30.0,HARD,14.0,86.924,0
STR,31.0,HARD,15.0,86.617,0
STR,32.0,HARD,16.0,86.832,0
STR,33.0,HARD,17.0,87.121,0
STR,34.0,HARD,18.0,87.298,0
STR,35.0,HARD,19.0,86.97,0
STR,36.0,HARD,20.0,87.096,0
STR,37.0,HARD,21.0,87.373,0
STR,38.0,HARD,22.0,86.902,0
STR,39.0,HARD,23.0,86.904,0
STR,40.0,HARD,24.0,87.072,0
STR,41.0,HARD,25.0,86.916,0
STR,42.0,HARD,26.0,87.067,0
STR,43.0,HARD,27.0,91.134,0
STR,44.0,HARD,28.0,88.214,0
STR,45.0,HARD,29.0,88.336,0
STR,46.0,HARD,30.0,87.153,0
STR,47.0,HARD,31.0,87.267,0
STR,48.0,HARD,32.0,87.59,0
STR,49.0,HARD,33.0,89.467,0
STR,50.0,HARD,34.0,90.865,0
SAR,1.0,MEDIUM,4.0,94.407,0
SAR,2.0,MEDIUM,5.0,88.08,0
SAR,3.0,MEDIUM,6.0,87.647,0
SAR,4.0,MEDIUM,7.0,87.389,0
SAR,5.0,MEDIUM,8.0,87.17,0
SAR,6.0,MEDIUM,9.0,87.135,0
SAR,7.0,MEDIUM,10.0,87.251,0
SAR,8.0,MEDIUM,11.0,87.233,0
SAR,9.0,MEDIUM,12.0,87.459,0
SAR,10.0,MEDIUM,13.0,87.685,0
SAR,11.0,MEDIUM,14.0,87.804,0
SAR,12.0,MEDIUM,15.0,88.694,0
SAR,13.0,MEDIUM,16.0,87.799,0
SAR,14.0,MEDIUM,17.0,93.074,1
SAR,15.0,HARD,4.0,107.389,0
SAR,16.0,HARD,5.0,86.84,0
SAR,17.0,HARD,6.0,87.0,0
SAR,18.0,HARD,7.0,86.906,0
SAR,19.0,HARD,8.0,87.165,0
SAR,20.0,HARD,9.0,87.28,0
SAR,21.0,HARD,10.0,87.363,0
SAR,22.0,HARD,11.0,87.465,0
SAR,23.0,HARD,12.0,87.149,0
SAR,24.0,HARD,13.0,87.104,0
SAR,25.0,HARD,14.0,87.165,0
SAR,26.0,HARD,15.0,87.021,0
SAR,27.0,HARD,16.0,87.253,0
SAR,28.0,HARD,17.0,87.546,0
SAR,29.0,HARD,18.0,87.545,0
SAR,30.0,HARD,19.0,87.121,0
SAR,31.0,HARD,20.0,87.461,0
SAR,32.0,HARD,21.0,87.522,0
SAR,33.0,HARD,22.0,87.293,0
SAR,34.0,HARD,23.0,87.219,0
SAR,35.0,HARD,24.0,87.233,0
SAR,36.0,HARD,25.0,87.142,0
SAR,37.0,HARD,26.0,87.292,0
SAR,38.0,HARD,27.0,87.103,0
SAR,39.0,HARD,28.0,87.137,0
SAR,40.0,HARD,29.0,87.64,0
SAR,41.0,HARD,30.0,87.18,0
SAR,42.0,HARD,31.0,87.176,0
SAR,43.0,HARD,32.0,89.385,0
SAR,44.0,HARD,33.0,87.686,0
SAR,45.0,HARD,34.0,87.502,0
SAR,46.0,HARD,35.0,87.709,0
SAR,47.0,HARD,36.0,87.622,0
SAR,48.0,HARD,37.0,87.44,0
SAR,49.0,HARD,38.0,87.742,0
SAR,50.0,HARD,39.0,89.626,0
MAG,1.0,HARD,5.0,96.466,0
MAG,2.0,HARD,6.0,88.923,0
MAG,3.0,HARD,7.0,88.538,0
MAG,4.0,HARD,8.0,89.252,0
MAG,5.0,HARD,9.0,88.276,0
MAG,6.0,HARD,10.0,87.949,0
MAG,7.0,HARD,11.0,87.691,0
MAG,8.0,HARD,12.0,87.935,0
MAG,9.0,HARD,13.0,88.218,0
MAG,10.0,HARD,14.0,88.511,0
MAG,11.0,HARD,15.0,88.792,0
MAG,12.0,HARD,16.0,93.273,1
MAG,13.0,MEDIUM,1.0,108.424,0
MAG,14.0,MEDIUM,2.0,88.08,0
MAG,15.0,MEDIUM,3.0,87.848,0
MAG,16.0,MEDIUM,4.0,87.649,0
MAG,17.0,MEDIUM,5.0,87.589,0
MAG,18.0,MEDIUM,6.0,87.898,0
MAG,19.0,MEDIUM,7.0,87.159,0
MAG,20.0,MEDIUM,8.0,87.011,0
MAG,21.0,MEDIUM,9.0,87.128,0
MAG,22.0,MEDIUM,10.0,87.244,0
MAG,23.0,MEDIUM,11.0,87.492,0
MAG,24.0,MEDIUM,12.0,87.536,0
MAG,25.0,MEDIUM,13.0,87.502,0
MAG,26.0,MEDIUM,14.0,87.418,0
MAG,27.0,MEDIUM,15.0,87.22,0
MAG,28.0,MEDIUM,16.0,87.154,0
MAG,29.0,MEDIUM,17.0,87.344,0
MAG,30.0,MEDIUM,18.0,87.384,0
MAG,31.0,MEDIUM,19.0,87.486,0
MAG,32.0,MEDIUM,20.0,87.556,0
MAG,33.0,MEDIUM,21.0,93.158,1
MAG,34.0,MEDIUM,1.0,107.333,0
MAG,35.0,MEDIUM,2.0,86.3,0
MAG,36.0,MEDIUM,3.0,86.385,0
MAG,37.0,MEDIUM,4.0,86.454,0
MAG,38.0,MEDIUM,5.0,86.394,0
MAG,39.0,MEDIUM,6.0,90.343,0
MAG,40.0,MEDIUM,7.0,86.696,0
MAG,41.0,MEDIUM,8.0,86.328,0
MAG,42.0,MEDIUM,9.0,86.278,0
MAG,43.0,MEDIUM,10.0,86.511,0
MAG,44.0,MEDIUM,11.0,86.514,0
MAG,45.0,MEDIUM,12.0,86.787,0
MAG,46.0,MEDIUM,13.0,86.983,0
MAG,47.0,MEDIUM,14.0,86.66,0
MAG,48.0,MEDIUM,15.0,86.739,0
MAG,49.0,MEDIUM,16.0,87.054,0
MAG,50.0,MEDIUM,17.0,86.904,0
ALB,1.0,MEDIUM,4.0,90.785,0
ALB,2.0,MEDIUM,5.0,87.067,0
ALB,3.0,MEDIUM,6.0,86.578,0
ALB,4.0,MEDIUM,7.0,86.684,0
ALB,5.0,MEDIUM,8.0,86.868,0
ALB,6.0,MEDIUM,9.0,86.661,0
ALB,7.0,MEDIUM,10.0,86.773,0
ALB,8.0,MEDIUM,11.0,86.676,0
ALB,9.0,MEDIUM,12.0,86.838,0
ALB,10.0,MEDIUM,13.0,87.305,0
ALB,11.0,MEDIUM,14.0,87.389,0
ALB,12.0,MEDIUM,15.0,87.533,0
ALB,13.0,MEDIUM,16.0,87.676,0
ALB,14.0,MEDIUM,17.0,87.723,0
ALB,15.0,MEDIUM,18.0,92.301,1
ALB,16.0,HARD,4.0,107.605,0
ALB,17.0,HARD,5.0,87.087,0
ALB,18.0,HARD,6.0,86.893,0
ALB,19.0,HARD,7.0,87.308,0
ALB,20.0,HARD,8.0,86.853,0
ALB,21.0,HARD,9.0,86.601,0
ALB,22.0,HARD,10.0,86.833,0
ALB,23.0,HARD,11.0,86.913,0
ALB,24.0,HARD,12.0,86.748,0
ALB,25.0,HARD,13.0,86.898,0
ALB,26.0,HARD,14.0,87.049,0
ALB,27.0,HARD,15.0,86.735,0
ALB,28.0,HARD,16.0,87.024,0
ALB,29.0,HARD,17.0,86.977,0
ALB,30.0,HARD,18.0,86.94,0
ALB,31.0,HARD,19.0,86.735,0
ALB,32.0,HARD,20.0,86.432,0
ALB,33.0,HARD,21.0,86.389,0
ALB,34.0,HARD,22.0,86.579,0
ALB,35.0,HARD,23.0,86.545,0
ALB,36.0,HARD,24.0,86.981,0
ALB,37.0,HARD,25.0,86.831,0
ALB,38.0,HARD,26.0,87.37,0
ALB,39.0,HARD,27.0,86.802,0
ALB,40.0,HARD,28.0,86.572,0
ALB,41.0,HARD,29.0,86.675,0
ALB,42.0,HARD,30.0,86.708,0
ALB,43.0,HARD,31.0,86.913,0
ALB,44.0,HARD,32.0,87.725,0
ALB,45.0,HARD,33.0,86.907,0
ALB,46.0,HARD,34.0,87.252,0
ALB,47.0,HARD,35.0,88.491,0
ALB,48.0,HARD,36.0,86.822,0
ALB,49.0,HARD,37.0,87.569,0
ALB,50.0,HARD,38.0,87.197,0
ALB,51.0,HARD,39.0,87.433,0
ZHO,1.0,MEDIUM,1.0,95.194,0
ZHO,2.0,MEDIUM,2.0,88.167,0
ZHO,3.0,MEDIUM,3.0,87.871,0
ZHO,4.0,MEDIUM,4.0,87.615,0
ZHO,5.0,MEDIUM,5.0,87.535,0
ZHO,6.0,MEDIUM,6.0,87.066,0
ZHO,7.0,MEDIUM,7.0,87.185,0
ZHO,8.0,MEDIUM,8.0,87.253,0
ZHO,9.0,MEDIUM,9.0,87.416,0
ZHO,10.0,MEDIUM,10.0,87.544,0
ZHO,11.0,MEDIUM,11.0,92.187,1
ZHO,12.0,HARD,4.0,107.237,0
ZHO,13.0,HARD,5.0,86.253,0
ZHO,14.0,HARD,6.0,87.775,0
ZHO,15.0,HARD,7.0,87.645,0
ZHO,16.0,HARD,8.0,87.153,0
ZHO,17.0,HARD,9.0,86.866,0
ZHO,18.0,HARD,10.0,87.055,0
ZHO,19.0,HARD,11.0,87.347,0
ZHO,20.0,HARD,12.0,87.075,0
ZHO,21.0,HARD,13.0,87.17,0
ZHO,22.0,HARD,14.0,87.333,0
ZHO,23.0,HARD,15.0,87.285,0
ZHO,24.0,HARD,16.0,87.153,0
ZHO,25.0,HARD,17.0,87.028,0
ZHO,26.0,HARD,18.0,87.164,0
ZHO,27.0,HARD,19.0,87.348,0
ZHO,28.0,HARD,20.0,87.858,0
ZHO,29.0,HARD,21.0,87.356,0
ZHO,30.0,HARD,22.0,87.442,0
ZHO,31.0,HARD,23.0,87.683,0
ZHO,32.0,HARD,24.0,87.82,0
ZHO,33.0,HARD,25.0,92.052,1
ZHO,34.0,MEDIUM,1.0,107.962,0
ZHO,35.0,MEDIUM,2.0,85.983,0
ZHO,36.0,MEDIUM,3.0,86.935,0
ZHO,37.0,MEDIUM,4.0,86.7,0
ZHO,38.0,MEDIUM,5.0,86.503,0
ZHO,39.0,MEDIUM,6.0,86.473,0
ZHO,40.0,MEDIUM,7.0,86.406,0
ZHO,41.0,MEDIUM,8.0,86.6,0
ZHO,42.0,MEDIUM,9.0,86.671,0
ZHO,43.0,MEDIUM,10.0,86.288,0
ZHO,44.0,MEDIUM,11.0,86.313,0
ZHO,45.0,MEDIUM,12.0,86.461,0
ZHO,46.0,MEDIUM,13.0,86.134,0
ZHO,47.0,MEDIUM,14.0,86.305,0
ZHO,48.0,MEDIUM,15.0,86.448,0
ZHO,49.0,MEDIUM,16.0,88.825,0
ZHO,50.0,MEDIUM,17.0,86.768,0
HUL,1.0,MEDIUM,4.0,92.72,0
HUL,2.0,MEDIUM,5.0,87.92,0
HUL,3.0,MEDIUM,6.0,87.36,0
HUL,4.0,MEDIUM,7.0,87.2,0
HUL,5.0,MEDIUM,8.0,87.035,0
HUL,6.0,MEDIUM,9.0,87.169,0
HUL,7.0,MEDIUM,10.0,87.465,0
HUL,8.0,MEDIUM,11.0,88.059,0
HUL,9.0,MEDIUM,12.0,87.481,0
HUL,10.0,MEDIUM,13.0,87.563,0
HUL,11.0,MEDIUM,14.0,88.055,0
HUL,12.0,MEDIUM,15.0,89.091,0
HUL,13.0,MEDIUM,16.0,88.009,0
HUL,14.0,MEDIUM,17.0,92.658,1
HUL,15.0,HARD,6.0,109.615,0
HUL,16.0,HARD,7.0,86.99,0
HUL,17.0,HARD,8.0,86.988,0
HUL,18.0,HARD,9.0,87.294,0
HUL,19.0,HARD,10.0,87.312,0
HUL,20.0,HARD,11.0,87.078,0
HUL,21.0,HARD,12.0,87.161,0
HUL,22.0,HARD,13.0,87.074,0
HUL,23.0,HARD,14.0,87.29,0
HUL,24.0,HARD,15.0,87.143,0
HUL,25.0,HARD,16.0,87.229,0
HUL,26.0,HARD,17.0,87.344,0
HUL,27.0,HARD,18.0,87.08,0
HUL,28.0,HARD,19.0,87.6,0
HUL,29.0,HARD,20.0,87.466,0
HUL,30.0,HARD,21.0,87.775,0
HUL,31.0,HARD,22.0,87.547,0
HUL,32.0,HARD,23.0,87.976,0
HUL,33.0,HARD,24.0,88.575,0
HUL,34.0,HARD,25.0,87.991,0
HUL,35.0,HARD,26.0,87.945,0
HUL,36.0,HARD,27.0,88.084,0
HUL,37.0,HARD,28.0,88.006,0
HUL,38.0,HARD,29.0,88.969,0
HUL,39.0,HARD,30.0,92.506,1
HUL,40.0,MEDIUM,4.0,106.37,0
HUL,41.0,MEDIUM,5.0,86.395,0
HUL,42.0,MEDIUM,6.0,86.102,0
HUL,43.0,MEDIUM,7.0,86.234,0
HUL,44.0,MEDIUM,8.0,86.459,0
HUL,45.0,MEDIUM,9.0,86.723,0
HUL,46.0,MEDIUM,10.0,86.645,0
HUL,47.0,MEDIUM,11.0,86.251,0
HUL,48.0,MEDIUM,12.0,86.359,0
HUL,49.0,MEDIUM,13.0,85.981,0
HUL,50.0,MEDIUM,14.0,85.894,0
OCO,1.0,MEDIUM,1.0,95.655,0
OCO,2.0,MEDIUM,2.0,88.667,0
OCO,3.0,MEDIUM,3.0,87.822,0
OCO,4.0,MEDIUM,4.0,87.582,0
OCO,5.0,MEDIUM,5.0,87.385,0
OCO,6.0,MEDIUM,6.0,87.306,0
OCO,7.0,MEDIUM,7.0,87.117,0
OCO,8.0,MEDIUM,8.0,87.309,0
OCO,9.0,MEDIUM,9.0,87.396,0
OCO,10.0,MEDIUM,10.0,87.607,0
OCO,11.0,MEDIUM,11.0,87.738,0
OCO,12.0,MEDIUM,12.0,88.232,0
OCO,13.0,MEDIUM,13.0,87.855,0
OCO,14.0,MEDIUM,14.0,88.091,0
OCO,15.0,MEDIUM,15.0,88.197,0
OCO,16.0,MEDIUM,16.0,88.249,0
OCO,17.0,MEDIUM,17.0,88.111,0
OCO,18.0,MEDIUM,18.0,88.261,0
OCO,19.0,MEDIUM,19.0,88.216,0
OCO,20.0,MEDIUM,20.0,89.387,0
OCO,21.0,MEDIUM,21.0,88.489,0
OCO,22.0,MEDIUM,22.0,88.884,0
OCO,23.0,MEDIUM,23.0,89.474,0
OCO,24.0,MEDIUM,24.0,93.499,1
OCO,25.0,HARD,4.0,107.378,0
OCO,26.0,HARD,5.0,87.158,0
OCO,27.0,HARD,6.0,87.119,0
OCO,28.0,HARD,7.0,87.19,0
OCO,29.0,HARD,8.0,87.35,0
OCO,30.0,HARD,9.0,87.308,0
OCO,31.0,HARD,10.0,87.208,0
OCO,32.0,HARD,11.0,87.119,0
OCO,33.0,HARD,12.0,86.963,0
OCO,34.0,HARD,13.0,87.626,0
OCO,35.0,HARD,14.0,87.441,0
OCO,36.0,HARD,15.0,87.476,0
OCO,37.0,HARD,16.0,87.429,0
OCO,38.0,HARD,17.0,87.079,0
OCO,39.0,HARD,18.0,106.604,0
NOR,1.0,MEDIUM,1.0,91.513,0
NOR,2.0,MEDIUM,2.0,87.575,0
NOR,3.0,MEDIUM,3.0,87.105,0
NOR,4.0,MEDIUM,4.0,87.069,0
NOR,5.0,MEDIUM,5.0,87.142,0
NOR,6.0,MEDIUM,6.0,86.796,0
NOR,7.0,MEDIUM,7.0,86.864,0
NOR,8.0,MEDIUM,8.0,86.628,0
NOR,9.0,MEDIUM,9.0,86.893,0
NOR,10.0,MEDIUM,10.0,86.965,0
NOR,11.0,MEDIUM,11.0,87.066,0
NOR,12.0,MEDIUM,12.0,87.438,0
NOR,13.0,MEDIUM,13.0,87.359,0
NOR,14.0,MEDIUM,14.0,87.478,0
NOR,15.0,MEDIUM,15.0,87.796,0
NOR,16.0,MEDIUM,16.0,87.199,0
NOR,17.0,MEDIUM,17.0,87.597,0
NOR,18.0,MEDIUM,18.0,87.272,0
NOR,19.0,MEDIUM,19.0,87.28,0
NOR,20.0,MEDIUM,20.0,87.716,0
NOR,21.0,MEDIUM,21.0,87.718,0
NOR,22.0,MEDIUM,22.0,91.647,1
NOR,23.0,HARD,5.0,106.282,0
NOR,24.0,HARD,6.0,86.144,0
NOR,25.0,HARD,7.0,86.424,0
NOR,26.0,HARD,8.0,86.402,0
NOR,27.0,HARD,9.0,86.485,0
NOR,28.0,HARD,10.0,86.396,0
NOR,29.0,HARD,11.0,86.472,0
NOR,30.0,HARD,12.0,86.968,0
NOR,31.0,HARD,13.0,86.909,0
NOR,32.0,HARD,14.0,86.586,0
NOR,33.0,HARD,15.0,86.455,0
NOR,34.0,HARD,16.0,86.366,0
NOR,35.0,HARD,17.0,86.464,0
NOR,36.0,HARD,18.0,87.06,0
NOR,37.0,HARD,19.0,86.595,0
NOR,38.0,HARD,20.0,87.567,0
NOR,39.0,HARD,21.0,86.792,0
NOR,40.0,HARD,22.0,86.761,0
NOR,41.0,HARD,23.0,86.562,0
NOR,42.0,HARD,24.0,86.623,0
NOR,43.0,HARD,25.0,86.81,0
NOR,44.0,HARD,26.0,87.991,0
NOR,45.0,HARD,27.0,87.466,0
NOR,46.0,HARD,28.0,87.017,0
NOR,47.0,HARD,29.0,87.886,0
NOR,48.0,HARD,30.0,86.733,0
NOR,49.0,HARD,31.0,87.661,0
NOR,50.0,HARD,32.0,87.174,0
NOR,51.0,HARD,33.0,87.425,0
LAW,1.0,MEDIUM,4.0,93.893,0
LAW,2.0,MEDIUM,5.0,88.018,0
LAW,3.0,MEDIUM,6.0,87.657,0
LAW,4.0,MEDIUM,7.0,87.13,0
LAW,5.0,MEDIUM,8.0,87.205,0
LAW,6.0,MEDIUM,9.0,87.263,0
LAW,7.0,MEDIUM,10.0,87.154,0
LAW,8.0,MEDIUM,11.0,87.331,0
LAW,9.0,MEDIUM,12.0,87.506,0
LAW,10.0,MEDIUM,13.0,87.648,0
LAW,11.0,MEDIUM,14.0,87.892,0
LAW,12.0,MEDIUM,15.0,87.631,0
LAW,13.0,MEDIUM,16.0,92.053,1
LAW,14.0,HARD,4.0,107.344,0
LAW,15.0,HARD,5.0,87.03,0
LAW,16.0,HARD,6.0,87.412,0
LAW,17.0,HARD,7.0,87.045,0
LAW,18.0,HARD,8.0,86.815,0
LAW,19.0,HARD,9.0,87.047,0
LAW,20.0,HARD,10.0,86.89,0
LAW,21.0,HARD,11.0,87.171,0
LAW,22.0,HARD,12.0,88.059,0
LAW,23.0,HARD,13.0,87.215,0
LAW,24.0,HARD,14.0,87.049,0
LAW,25.0,HARD,15.0,87.204,0
LAW,26.0,HARD,16.0,87.089,0
LAW,27.0,HARD,17.0,87.025,0
LAW,28.0,HARD,18.0,87.376,0
LAW,29.0,HARD,19.0,87.108,0
LAW,30.0,HARD,20.0,87.487,0
LAW,31.0,HARD,21.0,87.515,0
LAW,32.0,HARD,22.0,87.496,0
LAW,33.0,HARD,23.0,91.843,1
LAW,34.0,MEDIUM,4.0,106.71,0
LAW,35.0,MEDIUM,5.0,86.26,0
LAW,36.0,MEDIUM,6.0,86.384,0
LAW,37.0,MEDIUM,7.0,86.253,0
LAW,38.0,MEDIUM,8.0,86.103,0
LAW,39.0,MEDIUM,9.0,86.245,0
LAW,40.0,MEDIUM,10.0,86.273,0
LAW,41.0,MEDIUM,11.0,86.417,0
LAW,42.0,MEDIUM,12.0,86.121,0
LAW,43.0,MEDIUM,13.0,86.143,0
LAW,44.0,MEDIUM,14.0,85.842,0
LAW,45.0,MEDIUM,15.0,86.134,0
LAW,46.0,MEDIUM,16.0,86.018,0
LAW,47.0,MEDIUM,17.0,86.656,0
LAW,48.0,MEDIUM,18.0,86.098,0
LAW,49.0,MEDIUM,19.0,87.235,0
LAW,50.0,MEDIUM,20.0,86.436,0
HAM,1.0,HARD,4.0,92.011,0
HAM,2.0,HARD,5.0,87.837,0
HAM,3.0,HARD,6.0,87.289,0
HAM,4.0,HARD,7.0,87.233,0
HAM,5.0,HARD,8.0,87.015,0
HAM,6.0,HARD,9.0,86.711,0
HAM,7.0,HARD,10.0,86.7,0
HAM,8.0,HARD,11.0,86.643,0
HAM,9.0,HARD,12.0,86.756,0
HAM,10.0,HARD,13.0,86.995,0
HAM,11.0,HARD,14.0,87.119,0
HAM,12.0,HARD,15.0,87.194,0
HAM,13.0,HARD,16.0,87.292,0
HAM,14.0,HARD,17.0,87.526,0
HAM,15.0,HARD,18.0,88.085,0
HAM,16.0,HARD,19.0,87.24,0
HAM,17.0,HARD,20.0,87.585,0
HAM,18.0,HARD,21.0,87.279,0
HAM,19.0,HARD,22.0,87.449,0
HAM,20.0,HARD,23.0,87.83,0
HAM,21.0,HARD,24.0,87.399,0
HAM,22.0,HARD,25.0,87.154,0
HAM,23.0,HARD,26.0,87.267,0
HAM,24.0,HARD,27.0,87.311,0
HAM,25.0,HARD,28.0,87.791,0
HAM,26.0,HARD,29.0,87.407,0
HAM,27.0,HARD,30.0,93.228,1
HAM,28.0,MEDIUM,1.0,105.978,0
HAM,29.0,MEDIUM,2.0,85.582,0
HAM,30.0,MEDIUM,3.0,86.34,0
HAM,31.0,MEDIUM,4.0,86.404,0
HAM,32.0,MEDIUM,5.0,86.62,0
HAM,33.0,MEDIUM,6.0,86.584,0
HAM,34.0,MEDIUM,7.0,86.236,0
HAM,35.0,MEDIUM,8.0,86.016,0
HAM,36.0,MEDIUM,9.0,86.205,0
HAM,37.0,MEDIUM,10.0,85.999,0
HAM,38.0,MEDIUM,11.0,86.274,0
HAM,39.0,MEDIUM,12.0,86.249,0
HAM,40.0,MEDIUM,13.0,86.658,0
HAM,41.0,MEDIUM,14.0,87.501,0
HAM,42.0,MEDIUM,15.0,86.216,0
HAM,43.0,MEDIUM,16.0,86.093,0
HAM,44.0,MEDIUM,17.0,87.152,0
HAM,45.0,MEDIUM,18.0,86.333,0
HAM,46.0,MEDIUM,19.0,87.193,0
HAM,47.0,MEDIUM,20.0,86.12,0
HAM,48.0,MEDIUM,21.0,85.815,0
HAM,49.0,MEDIUM,22.0,85.888,0
HAM,50.0,MEDIUM,23.0,85.927,0
HAM,51.0,MEDIUM,24.0,86.093,0
SAI,1.0,MEDIUM,1.0,87.117,0
SAI,2.0,MEDIUM,2.0,86.006,0
SAI,3.0,MEDIUM,3.0,85.976,0
SAI,4.0,MEDIUM,4.0,86.067,0
SAI,5.0,MEDIUM,5.0,86.423,0
SAI,6.0,MEDIUM,6.0,86.615,0
SAI,7.0,MEDIUM,7.0,86.358,0
SAI,8.0,MEDIUM,8.0,86.224,0
SAI,9.0,MEDIUM,9.0,86.476,0
SAI,10.0,MEDIUM,10.0,86.511,0
SAI,11.0,MEDIUM,11.0,86.691,0
SAI,12.0,MEDIUM,12.0,86.408,0
SAI,13.0,MEDIUM,13.0,86.887,0
SAI,14.0,MEDIUM,14.0,86.972,0
SAI,15.0,MEDIUM,15.0,88.219,0
SAI,16.0,MEDIUM,16.0,87.323,0
SAI,17.0,MEDIUM,17.0,87.721,0
SAI,18.0,MEDIUM,18.0,87.512,0
SAI,19.0,MEDIUM,19.0,91.912,1
SAI,20.0,HARD,1.0,106.762,0
SAI,21.0,HARD,2.0,86.146,0
SAI,22.0,HARD,3.0,85.558,0
SAI,23.0,HARD,4.0,85.793,0
SAI,24.0,HARD,5.0,85.902,0
SAI,25.0,HARD,6.0,86.005,0
SAI,26.0,HARD,7.0,85.836,0
SAI,27.0,HARD,8.0,86.165,0
SAI,28.0,HARD,9.0,85.77,0
SAI,29.0,HARD,10.0,85.72,0
SAI,30.0,HARD,11.0,85.501,0
SAI,31.0,HARD,12.0,85.718,0
SAI,32.0,HARD,13.0,85.896,0
SAI,33.0,HARD,14.0,85.926,0
SAI,34.0,HARD,15.0,86.126,0
SAI,35.0,HARD,16.0,85.789,0
SAI,36.0,HARD,17.0,86.011,0
SAI,37.0,HARD,18.0,85.886,0
SAI,38.0,HARD,19.0,85.705,0
SAI,39.0,HARD,20.0,85.924,0
SAI,40.0,HARD,21.0,86.122,0
SAI,41.0,HARD,22.0,86.738,0
SAI,42.0,HARD,23.0,86.479,0
SAI,43.0,HARD,24.0,86.589,0
SAI,44.0,HARD,25.0,86.43,0
SAI,45.0,HARD,26.0,86.632,0
SAI,46.0,HARD,27.0,87.303,0
SAI,47.0,HARD,28.0,87.096,0
SAI,48.0,HARD,29.0,86.8,0
SAI,49.0,HARD,30.0,86.77,0
SAI,50.0,HARD,31.0,86.776,0
SAI,51.0,HARD,32.0,87.044,0
RUS,1.0,MEDIUM,1.0,89.339,0
RUS,2.0,MEDIUM,2.0,86.686,0
RUS,3.0,MEDIUM,3.0,86.176,0
RUS,4.0,MEDIUM,4.0,86.178,0
RUS,5.0,MEDIUM,5.0,86.249,0
RUS,6.0,MEDIUM,6.0,86.515,0
RUS,7.0,MEDIUM,7.0,86.515,0
RUS,8.0,MEDIUM,8.0,86.594,0
RUS,9.0,MEDIUM,9.0,86.71,0
RUS,10.0,MEDIUM,10.0,86.655,0
RUS,11.0,MEDIUM,11.0,87.186,0
RUS,12.0,MEDIUM,12.0,87.044,0
RUS,13.0,MEDIUM,13.0,86.962,0
RUS,14.0,MEDIUM,14.0,87.285,0
RUS,15.0,MEDIUM,15.0,87.005,0
RUS,16.0,MEDIUM,16.0,87.976,0
RUS,17.0,MEDIUM,17.0,87.055,0
RUS,18.0,MEDIUM,18.0,87.383,0
RUS,19.0,MEDIUM,19.0,91.885,1
RUS,20.0,HARD,4.0,105.31,0
RUS,21.0,HARD,5.0,86.456,0
RUS,22.0,HARD,6.0,86.715,0
RUS,23.0,HARD,7.0,86.605,0
RUS,24.0,HARD,8.0,86.671,0
RUS,25.0,HARD,9.0,86.32,0
RUS,26.0,HARD,10.0,86.41,0
RUS,27.0,HARD,11.0,86.184,0
RUS,28.0,HARD,12.0,86.284,0
RUS,29.0,HARD,13.0,86.14,0
RUS,30.0,HARD,14.0,85.966,0
RUS,31.0,HARD,15.0,86.148,0
RUS,32.0,HARD,16.0,86.059,0
RUS,33.0,HARD,17.0,86.161,0
RUS,34.0,HARD,18.0,86.119,0
RUS,35.0,HARD,19.0,86.189,0
RUS,36.0,HARD,20.0,86.371,0
RUS,37.0,HARD,21.0,85.997,0
RUS,38.0,HARD,22.0,85.847,0
RUS,39.0,HARD,23.0,86.21,0
RUS,40.0,HARD,24.0,86.244,0
RUS,41.0,HARD,25.0,86.614,0
RUS,42.0,HARD,26.0,86.335,0
RUS,43.0,HARD,27.0,86.426,0
RUS,44.0,HARD,28.0,86.336,0
RUS,45.0,HARD,29.0,86.394,0
RUS,46.0,HARD,30.0,86.458,0
RUS,47.0,HARD,31.0,86.64,0
RUS,48.0,HARD,32.0,86.287,0
RUS,49.0,HARD,33.0,86.375,0
RUS,50.0,HARD,34.0,86.874,0
RUS,51.0,HARD,35.0,86.628,0
BOT,1.0,HARD,4.0,94.811,0
BOT,2.0,HARD,5.0,88.032,0
BOT,3.0,HARD,6.0,87.95,0
BOT,4.0,HARD,7.0,87.119,0
BOT,5.0,HARD,8.0,87.575,0
BOT,6.0,HARD,9.0,87.15,0
BOT,7.0,HARD,10.0,87.36,0
BOT,8.0,HARD,11.0,87.227,0
BOT,9.0,HARD,12.0,87.265,0
BOT,10.0,HARD,13.0,87.863,0
BOT,11.0,HARD,14.0,87.693,0
BOT,12.0,HARD,15.0,88.716,0
BOT,13.0,HARD,16.0,88.007,0
BOT,14.0,HARD,17.0,87.991,0
BOT,15.0,HARD,18.0,87.427,0
BOT,16.0,HARD,19.0,87.824,0
BOT,17.0,HARD,20.0,87.47,0
BOT,18.0,HARD,21.0,87.634,0
BOT,19.0,HARD,22.0,87.725,0
BOT,20.0,HARD,23.0,88.438,0
BOT,21.0,HARD,24.0,89.044,0
BOT,22.0,HARD,25.0,88.116,0
BOT,23.0,HARD,26.0,88.123,0
BOT,24.0,HARD,27.0,88.022,0
BOT,25.0,HARD,28.0,92.814,1
BOT,26.0,MEDIUM,4.0,106.575,0
BOT,27.0,MEDIUM,5.0,85.988,0
BOT,28.0,MEDIUM,6.0,86.486,0
BOT,29.0,MEDIUM,7.0,86.201,0
BOT,30.0,MEDIUM,8.0,86.643,0
BOT,31.0,MEDIUM,9.0,86.648,0
BOT,32.0,MEDIUM,10.0,86.606,0
BOT,33.0,MEDIUM,11.0,86.873,0
BOT,34.0,MEDIUM,12.0,86.621,0
BOT,35.0,MEDIUM,13.0,86.523,0
BOT,36.0,MEDIUM,14.0,86.782,0
BOT,37.0,MEDIUM,15.0,86.545,0
BOT,38.0,MEDIUM,16.0,87.093,0
BOT,39.0,MEDIUM,17.0,86.981,0
BOT,40.0,MEDIUM,18.0,87.862,0
BOT,41.0,MEDIUM,19.0,87.203,0
BOT,42.0,MEDIUM,20.0,86.864,0
BOT,43.0,MEDIUM,21.0,87.753,0
BOT,44.0,MEDIUM,22.0,86.962,0
BOT,45.0,MEDIUM,23.0,86.889,0
BOT,46.0,MEDIUM,24.0,86.806,0
BOT,47.0,MEDIUM,25.0,86.736,0
BOT,48.0,MEDIUM,26.0,87.005,0
BOT,49.0,MEDIUM,27.0,87.134,0
BOT,50.0,MEDIUM,28.0,86.95,0
PIA,1.0,MEDIUM,1.0,90.315,0
PIA,2.0,MEDIUM,2.0,88.053,0
PIA,3.0,MEDIUM,3.0,86.982,0
PIA,4.0,MEDIUM,4.0,87.004,0
PIA,5.0,MEDIUM,5.0,86.909,0
PIA,6.0,MEDIUM,6.0,86.878,0
PIA,7.0,MEDIUM,7.0,86.94,0
PIA,8.0,MEDIUM,8.0,86.85,0
PIA,9.0,MEDIUM,9.0,86.864,0
PIA,10.0,MEDIUM,10.0,86.823,0
PIA,11.0,MEDIUM,11.0,87.217,0
PIA,12.0,MEDIUM,12.0,87.454,0
PIA,13.0,MEDIUM,13.0,87.518,0
PIA,14.0,MEDIUM,14.0,87.371,0
PIA,15.0,MEDIUM,15.0,87.738,0
PIA,16.0,MEDIUM,16.0,87.201,0
PIA,17.0,MEDIUM,17.0,87.44,0
PIA,18.0,MEDIUM,18.0,87.398,0
PIA,19.0,MEDIUM,19.0,87.352,0
PIA,20.0,MEDIUM,20.0,87.746,0
PIA,21.0,MEDIUM,21.0,87.587,0
PIA,22.0,MEDIUM,22.0,87.419,0
PIA,23.0,MEDIUM,23.0,91.866,1
PIA,24.0,HARD,6.0,106.854,0
PIA,25.0,HARD,7.0,86.411,0
PIA,26.0,HARD,8.0,86.287,0
PIA,27.0,HARD,9.0,86.248,0
PIA,28.0,HARD,10.0,86.611,0
PIA,29.0,HARD,11.0,86.132,0
PIA,30.0,HARD,12.0,87.074,0
PIA,31.0,HARD,13.0,86.86,0
PIA,32.0,HARD,14.0,86.746,0
PIA,33.0,HARD,15.0,86.445,0
PIA,34.0,HARD,16.0,86.717,0
PIA,35.0,HARD,17.0,86.277,0
PIA,36.0,HARD,18.0,86.639,0
PIA,37.0,HARD,19.0,86.806,0
PIA,38.0,HARD,20.0,87.146,0
PIA,39.0,HARD,21.0,87.166,0
PIA,40.0,HARD,22.0,86.853,0
PIA,41.0,HARD,23.0,94.52,1
PIA,42.0,MEDIUM,4.0,113.593,0
PIA,43.0,MEDIUM,5.0,85.072,0
PIA,44.0,MEDIUM,6.0,85.69,0
PIA,45.0,MEDIUM,7.0,86.139,0
PIA,46.0,MEDIUM,8.0,85.732,0
PIA,47.0,MEDIUM,9.0,86.614,0
PIA,48.0,MEDIUM,10.0,86.067,0
PIA,49.0,MEDIUM,11.0,85.841,0
PIA,50.0,MEDIUM,12.0,85.593,0
